product_id|image_url
1|https://down-vn.img.susercontent.com/file/vn-11134207-7ra0g-m9j43z6j0fwic7@resize_w900_nl.webp
1|https://down-vn.img.susercontent.com/file/vn-11134207-7ras8-m0tlohvseprhc1@resize_w900_nl.webp
1|https://down-vn.img.susercontent.com/file/vn-11134207-7ra0g-m9j439aiuwsi5b.webp
1|https://down-vn.img.susercontent.com/file/vn-11134207-7ras8-m0tlohw2cwwf4f.webp
2|https://down-vn.img.susercontent.com/file/vn-11134207-7ra0g-m83jjjb4byi668.webp
2|https://down-vn.img.susercontent.com/file/vn-11134207-7ra0g-m83jjpebf6vb74.webp
2|https://down-vn.img.susercontent.com/file/vn-11134207-7ra0g-m83jne5n6mpa22.webp
2|https://down-vn.img.susercontent.com/file/vn-11134207-7ra0g-m83jn3eayuzybb.webp
3|https://down-vn.img.susercontent.com/file/vn-11134207-7r98o-lwybpem8m4t74b.webp
3|https://down-vn.img.susercontent.com/file/vn-11134207-7r98o-lwybpem7smvv4d.webp
3|https://down-vn.img.susercontent.com/file/vn-11134207-7r98o-lwybpem7bs2jaf.webp
3|https://down-vn.img.susercontent.com/file/vn-11134207-7r98o-lwybpem7r8bfa8.webp
4|https://down-vn.img.susercontent.com/file/vn-11134207-7ras8-m3df590g5uw8b9@resize_w900_nl.webp
4|https://down-vn.img.susercontent.com/file/vn-11134207-7ras8-m19xdu3d5bo8eb.webp
4|https://down-vn.img.susercontent.com/file/vn-11134207-7ras8-m19xdu3d2ijc04.webp
4|https://down-vn.img.susercontent.com/file/vn-11134207-7ras8-m19xdu3d3x3s36.webp
5|https://down-vn.img.susercontent.com/file/vn-11134207-7r98o-lynbhct3on8hcb.webp
5|https://down-vn.img.susercontent.com/file/vn-11134207-7r98o-lynbictyytsd7b.webp
5|https://down-vn.img.susercontent.com/file/vn-11134207-7r98o-lynbiijuk5gh85.webp
5|https://down-vn.img.susercontent.com/file/vn-11134207-7r98o-lynbio6ed5ep4b.webp
6|https://down-vn.img.susercontent.com/file/cn-11134207-7ras8-m27sescjs93oe7.webp
6|https://down-vn.img.susercontent.com/file/sg-11134201-7rens-m27sdj3u13nab1.webp
6|https://down-vn.img.susercontent.com/file/sg-11134201-7repf-m27sdkp9nmy2e2.webp
6|https://down-vn.img.susercontent.com/file/sg-11134201-7reqj-m27sdmv8hjuebe.webp
7|https://down-vn.img.susercontent.com/file/vn-11134207-7r98o-lyhlr98t3a1t2b.webp
7|https://down-vn.img.susercontent.com/file/sg-11134201-23020-s38o7jq5k2mvdd.webp
7|https://down-vn.img.susercontent.com/file/vn-11134207-7ras8-m0vdsniyvtnxdd.webp
7|https://down-vn.img.susercontent.com/file/vn-11134207-7r98o-lp9715m2qt7f7e.webp
8|https://down-vn.img.susercontent.com/file/sg-11134201-7rbmg-lpr2p9nzn3wkc0.webp
8|https://down-vn.img.susercontent.com/file/sg-11134201-7rbl7-lpr2p7aj45k679.webp
8|https://down-vn.img.susercontent.com/file/sg-11134201-7rbla-lpr2p8pl1ge2c2.webp
8|https://down-vn.img.susercontent.com/file/sg-11134201-7rbks-lpr339iyaxum87.webp
9|https://down-vn.img.susercontent.com/file/sg-11134201-7qvee-lj2okcoxo2gjf0.webp
9|https://down-vn.img.susercontent.com/file/sg-11134201-7qvdj-lj2okd510imh55.webp
9|https://down-vn.img.susercontent.com/file/sg-11134201-7qvcu-lj2okdgejuod0b.webp
9|https://down-vn.img.susercontent.com/file/sg-11134201-7qvdc-lj2okdxluol38b.webp
10|https://down-vn.img.susercontent.com/file/vn-11134207-7r98o-lxtkyexqa195ea.webp
10|https://down-vn.img.susercontent.com/file/vn-11134207-7r98o-lxtkypm0nobdb1.webp
10|https://down-vn.img.susercontent.com/file/vn-11134207-7r98o-lxtkythazu8r2c.webp
10|https://down-vn.img.susercontent.com/file/vn-11134207-7r98o-lxtkyuov83ix74.webp
11|https://down-vn.img.susercontent.com/file/vn-11134207-7r98o-lvcqqlfcl4el3d.webp
11|https://down-vn.img.susercontent.com/file/vn-11134207-7r98o-lmspr856rsgvd6.webp
11|https://down-vn.img.susercontent.com/file/vn-11134207-7r98o-lvcqqlfcjpu5e1.webp
11|https://down-vn.img.susercontent.com/file/vn-11134207-7r98o-lmspr856ozbz12.webp
12|https://down-vn.img.susercontent.com/file/vn-11134207-7ras8-m0gv58k9ulm5e5.webp
12|https://down-vn.img.susercontent.com/file/vn-11134207-7ras8-m0gv58k9w06l71.webp
12|https://down-vn.img.susercontent.com/file/vn-11134207-7ras8-m0gv58ka087j95.webp
12|https://down-vn.img.susercontent.com/file/vn-11134207-7ras8-m0gv58k9w0i770.webp
13|https://down-vn.img.susercontent.com/file/cn-11134207-7ras8-m59volfeshshed.webp
13|https://down-vn.img.susercontent.com/file/cn-11134207-7ras8-m59vopa55gom6c.webp
13|https://down-vn.img.susercontent.com/file/cn-11134207-7ras8-m59vopap4nwxb0.webp
13|https://down-vn.img.susercontent.com/file/cn-11134207-7ras8-m59vopc32mtta2.webp
14|https://down-vn.img.susercontent.com/file/cn-11134207-7r98o-lzpxl886ek6a74.webp
14|https://down-vn.img.susercontent.com/file/cn-11134207-7r98o-lzpxl886fyib5a.webp
14|https://down-vn.img.susercontent.com/file/cn-11134207-7r98o-lzpxl886bqsz92.webp
14|https://down-vn.img.susercontent.com/file/cn-11134207-7r98o-lzpxl88gbcf639.webp
15|https://down-vn.img.susercontent.com/file/vn-11134207-7r98o-lzk3ab82n32l76.webp
15|https://down-vn.img.susercontent.com/file/vn-11134207-7r98o-lzk3cvh1rgrl4b.webp
15|https://down-vn.img.susercontent.com/file/vn-11134207-7r98o-lyniof0rv0wd02.webp
15|https://down-vn.img.susercontent.com/file/vn-11134207-7r98o-lyninzd8rov55a.webp
16|https://down-vn.img.susercontent.com/file/sg-11134201-7rd5t-m7re04a6x4hd8c.webp
16|https://down-vn.img.susercontent.com/file/sg-11134201-7repp-m8u7agpmt0aoff.webp
16|https://down-vn.img.susercontent.com/file/sg-11134201-7repb-m8u7agq6tns2b4.webp
16|https://down-vn.img.susercontent.com/file/sg-11134201-7rd65-m7re07dqb32515.webp
17|https://down-vn.img.susercontent.com/file/sg-11134201-7renb-m8zzoxre87afcd.webp
17|https://down-vn.img.susercontent.com/file/sg-11134201-7reps-m8zzotdslheh09.webp
17|https://down-vn.img.susercontent.com/file/sg-11134201-7rep5-m8zzor9hnq1d1e.webp
17|https://down-vn.img.susercontent.com/file/sg-11134201-7rept-m8zzoq7r9pkw7e.webp
18|https://down-vn.img.susercontent.com/file/sg-11134201-7rd5j-lx2131k78ebqd4.webp
18|https://down-vn.img.susercontent.com/file/sg-11134201-7rd3m-lx2134lsqmdm52.webp
18|https://down-vn.img.susercontent.com/file/sg-11134201-7rd3l-lx2137actbhic8.webp
18|https://down-vn.img.susercontent.com/file/sg-11134201-7rd45-lx213ad2bb9mfa.webp
19|https://down-vn.img.susercontent.com/file/vn-11134207-7ras8-mbuehzz05tuyef.webp
19|https://down-vn.img.susercontent.com/file/vn-11134207-7ras8-m0qs8iruggkt7d.webp
19|https://down-vn.img.susercontent.com/file/vn-11134207-7ra0g-m9h1jaxo0m0y44.webp
19|https://down-vn.img.susercontent.com/file/vn-11134207-7ra0g-m9h1jaxo0ls4f6.webp
20|https://img.shop.com/Image/250000/251800/251872/products/1973570572.jpg?plain&size=1200x1200
20|https://www.apple.com/newsroom/images/product/iphone/standard/Apple-iPhone-14-Pro-iPhone-14-Pro-Max-hero-220907_Full-Bleed-Image.jpg.large.jpg
20|https://tse1.mm.bing.net/th/id/OIP.mPrSG7RAxA5rIaDFqTS92AHaKX?pid=Api
21|https://down-vn.img.susercontent.com/file/vn-11134207-7ra0g-m8rbfg4u9ll33d.webp
21|https://down-vn.img.susercontent.com/file/vn-11134207-7ra0g-m8rbfk7cb7n2b0.webp
21|https://down-vn.img.susercontent.com/file/vn-11134207-7ra0g-m8rbf1b030xz65.webp
21|https://down-vn.img.susercontent.com/file/vn-11134207-7ra0g-m8fyryjtm4xu08.webp
22|https://tse1.mm.bing.net/th/id/OIP.5hif7nRL9R1Lw_2xK3yS5AHaKT?pid=Api
22|https://tse4.mm.bing.net/th/id/OIP.cGQuwEzeFjSZwp57fI79_wHaD4?pid=Api&P=0&h=220
22|https://tse2.mm.bing.net/th/id/OIP.O-t8tRPTh55UbymWH9XbbwHaEo?pid=Api&P=0&h=220
22|https://tse1.mm.bing.net/th/id/OIP.PbUSOZFgHjrY1anZoEaLXQHaE7?pid=Api&P=0&h=220
23|https://cdn.tgdd.vn/Products/Images/42/142346/Slider/vi-vn-5-pin.jpg
23|https://cdn11.dienmaycholon.vn/filewebdmclnew/public/userupload/images/dien-thoai-Mobell-M529-co-dung-luong-pin-khung-5.jpg
23|https://tse1.mm.bing.net/th/id/OIP.vycrv-pmWth3hKiDtJgthwHaHa?pid=Api&P=0&h=220
23|https://tse4.mm.bing.net/th/id/OIP.-KtvEGDIcBmbGxJJNIo8AQHaEI?pid=Api&P=0&h=220
24|https://down-vn.img.susercontent.com/file/vn-11134207-7ra0g-m9ud7g5dryv81b.webp
24|https://down-vn.img.susercontent.com/file/sg-11134201-7rfgx-m3uspmi9v6iu06.webp
24|https://down-vn.img.susercontent.com/file/sg-11134201-7rfi5-m3uspo3pj40r95.webp
24|https://down-vn.img.susercontent.com/file/sg-11134201-7rfhl-m3uspn1f35ab5f.webp
25|https://down-vn.img.susercontent.com/file/2cc9ee02d753273518a6d84a406218f6.webp
25|https://down-vn.img.susercontent.com/file/d54496082dab7922696df75dac198bd4.webp
25|https://down-vn.img.susercontent.com/file/df024fde09a11a680bf0e893591ad7cb.webp
25|https://down-vn.img.susercontent.com/file/8d44b4356d56e10ba2f21c1d6ab36472.webp
26|https://down-vn.img.susercontent.com/file/cn-11134207-7ras8-m8brlr0m4jdp77.webp
26|https://down-vn.img.susercontent.com/file/cn-11134207-7r98o-lu0espqgm2ybeb.webp
26|https://down-vn.img.susercontent.com/file/cn-11134207-7r98o-lu0esppwppbn72.webp
26|https://down-vn.img.susercontent.com/file/cn-11134207-7r98o-lu0espqgkodvde.webp
27|https://down-vn.img.susercontent.com/file/ae90cd3b97c64e808c7cb2e7543a1d26.webp
27|https://down-vn.img.susercontent.com/file/cf37c442b0052929c20d49f2dc68a515.webp
27|https://down-vn.img.susercontent.com/file/df2b8c4f7c8d297b6aac266447ccab9e.webp
27|https://down-vn.img.susercontent.com/file/d2111996547229aabdf7e37dc4ebcf69.webp
28|https://down-vn.img.susercontent.com/file/sg-11134201-7rcbs-ltxmim6ae1l748.webp
28|https://down-vn.img.susercontent.com/file/sg-11134201-7rce1-ltxmimt1grar87.webp
28|https://down-vn.img.susercontent.com/file/sg-11134201-7rccy-ltxi7l6nhr4344.webp
28|https://down-vn.img.susercontent.com/file/sg-11134201-7rcee-ltxi7ndqa1cgd9.webp
29|https://down-vn.img.susercontent.com/file/vn-11134207-7ras8-m2tr57uhiu4meb.webp
29|https://down-vn.img.susercontent.com/file/vn-11134207-7ras8-m2s31obwgz5y48.webp
29|https://down-vn.img.susercontent.com/file/vn-11134207-7ras8-m2s33bqviu9m27.webp
29|https://down-vn.img.susercontent.com/file/vn-11134207-7ras8-m2s30fzddare3f.webp
30|https://down-vn.img.susercontent.com/file/vn-11134207-7ra0g-m76laoawhk6f45.webp
30|https://down-vn.img.susercontent.com/file/sg-11134201-22100-5zgq7yaq77ivac.webp
30|https://down-vn.img.susercontent.com/file/sg-11134201-22100-m1fqbbeq77iv65.webp
30|https://down-vn.img.susercontent.com/file/sg-11134201-22100-x6vjxchq77ivfd.webp
31|https://down-vn.img.susercontent.com/file/vn-11134207-7ra0g-ma544ylq76awac.webp
31|https://down-vn.img.susercontent.com/file/vn-11134207-7ra0g-ma544sy2h7e078.webp
31|https://down-vn.img.susercontent.com/file/vn-11134207-7ra0g-ma544etr6gz547.webp
31|https://down-vn.img.susercontent.com/file/vn-11134207-7ra0g-ma544etr7vjlcf.webp
32|https://down-vn.img.susercontent.com/file/vn-11134207-7ras8-m4pfpi61mpgwa6.webp
32|https://down-vn.img.susercontent.com/file/vn-11134207-7ras8-m4pfpi7fm2y87f.webp
32|https://down-vn.img.susercontent.com/file/vn-11134207-7ras8-m4pfpi7plnuvf6.webp
32|https://down-vn.img.susercontent.com/file/vn-11134207-7ras8-m4pfpi61mozr5e.webp
33|https://down-vn.img.susercontent.com/file/vn-11134207-7r98o-ly1rto05if2z25.webp
33|https://down-vn.img.susercontent.com/file/vn-11134207-7r98o-ly1rto05e7kpfb.webp
33|https://down-vn.img.susercontent.com/file/vn-11134207-7r98o-ly1rto05e7dne1.webp
33|https://down-vn.img.susercontent.com/file/vn-11134207-7ra0g-m6zl1rnjk8rr58.webp
34|https://down-vn.img.susercontent.com/file/sg-11134201-7rasg-macu49adduk3e0.webp
34|https://down-vn.img.susercontent.com/file/sg-11134201-7ravc-macu48csr0y83c.webp
34|https://down-vn.img.susercontent.com/file/sg-11134201-7raun-macu48jgin03b2.webp
34|https://down-vn.img.susercontent.com/file/sg-11134201-7ratu-macu48pu9cgh15.webp
35|https://down-vn.img.susercontent.com/file/vn-11134207-7r98o-lwcst4n9mmzdce.webp
35|https://down-vn.img.susercontent.com/file/vn-11134207-7r98o-lwcst4n9quopdd.webp
35|https://down-vn.img.susercontent.com/file/vn-11134207-7r98o-lwcst4n9o1jt4e.webp
35|https://down-vn.img.susercontent.com/file/2202ae18864b4a1cdfcc833fc3a032c4.webp
36|https://down-vn.img.susercontent.com/file/vn-11134207-7ras8-mbqj700cjavpf6.webp
36|https://down-vn.img.susercontent.com/file/vn-11134207-7ras8-mbqj700cjb7yd1.webp
36|https://down-vn.img.susercontent.com/file/vn-11134207-7ras8-mbqj7034f91qad.webp
36|https://down-vn.img.susercontent.com/file/vn-11134207-7ras8-mbqj701gkhvy3f.webp
37|https://down-vn.img.susercontent.com/file/vn-11134207-7ra0g-m9v9z0qc04n661.webp
37|https://down-vn.img.susercontent.com/file/vn-11134207-7ra0g-m9v9yqwkf88ya1.webp
37|https://down-vn.img.susercontent.com/file/vn-11134207-7ra0g-m9v9yvmxgif8e1.webp
37|https://down-vn.img.susercontent.com/file/vn-11134207-7ra0g-m9vemku8qpei68.webp
38|https://down-vn.img.susercontent.com/file/vn-11134207-7ra0g-m6sgjwomgwu013.webp
38|https://down-vn.img.susercontent.com/file/vn-11134207-7ra0g-m6sgk3m2bvx4bf.webp
38|https://down-vn.img.susercontent.com/file/vn-11134207-7ra0g-m6sgm55cpwew37.webp
38|https://down-vn.img.susercontent.com/file/vn-11134207-7ra0g-m6siekb8wjso41.webp
39|https://down-vn.img.susercontent.com/file/vn-11134207-7r98o-lyrsw7074g25de.webp
39|https://down-vn.img.susercontent.com/file/vn-11134207-7r98o-lyrswa22nnvl6a.webp
39|https://down-vn.img.susercontent.com/file/vn-11134207-7r98o-lyrswdtr53rh0b.webp
39|https://down-vn.img.susercontent.com/file/vn-11134207-7r98o-lyrswhnxiwctf1.webp
40|https://down-vn.img.susercontent.com/file/vn-11134207-7ras8-m4b9zbp78ne8cd.webp
40|https://down-vn.img.susercontent.com/file/vn-11134207-7ras8-m4b9zbpr6f47c0.webp
40|https://down-vn.img.susercontent.com/file/vn-11134207-7ras8-m4b9zbp778tsbf.webp
40|https://down-vn.img.susercontent.com/file/vn-11134207-7ras8-m4b9zbp78mx3c6.webp
41|https://down-vn.img.susercontent.com/file/vn-11134207-7ra0g-m9ov344qtmvu0b.webp
41|https://down-vn.img.susercontent.com/file/vn-11134207-7ra0g-m9ov3a9vu0wq4b.webp
41|https://down-vn.img.susercontent.com/file/vn-11134207-7ra0g-m9ov3aa5v0uy5d.webp
41|https://down-vn.img.susercontent.com/file/vn-11134207-7ra0g-m9ov3aapst4e9c.webp
42|https://down-vn.img.susercontent.com/file/vn-11134207-7r98o-lzj7engl9ajl1f.webp
42|https://down-vn.img.susercontent.com/file/vn-11134207-7r98o-lzizrfpe23ppbb.webp
42|https://down-vn.img.susercontent.com/file/vn-11134207-7ra0g-m9moqrop9htu4d.webp
42|https://down-vn.img.susercontent.com/file/vn-11134207-7r98o-lzizrfmm665d72.webp
43|https://down-vn.img.susercontent.com/file/sg-11134201-7ratq-mb3d7queucswb9.webp
43|https://down-vn.img.susercontent.com/file/sg-11134301-7rccz-lt13ld3mv608b0.webp
43|https://down-vn.img.susercontent.com/file/sg-11134301-7rcdv-lt13lfhdf3x347.webp
43|https://down-vn.img.susercontent.com/file/sg-11134301-7rcdh-lt13ldwrojfs3c.webp
44|https://down-vn.img.susercontent.com/file/vn-11134207-7qukw-limuj9re3niq1b.webp
44|https://down-vn.img.susercontent.com/file/vn-11134207-7qukw-limuj9redhhu8f.webp
44|https://down-vn.img.susercontent.com/file/vn-11134207-7ras8-m1c8e28cdnbs66.webp
44|https://down-vn.img.susercontent.com/file/vn-11134207-7qukw-limuj9rdy18yda.webp
45|https://down-vn.img.susercontent.com/file/sg-11134201-7rd51-lvd6e04ivsfvdf.webp
45|https://down-vn.img.susercontent.com/file/sg-11134201-7rd3m-lvd6e1az5nwm7c.webp
45|https://down-vn.img.susercontent.com/file/sg-11134201-7rd59-lvd6e2czm0rw4c.webp
45|https://down-vn.img.susercontent.com/file/sg-11134201-7rd4i-lvd6e3f02e8t46.webp
46|https://down-vn.img.susercontent.com/file/vn-11134207-7ras8-mc052wgw1mtxdf.webp
46|https://down-vn.img.susercontent.com/file/vn-11134207-7ras8-mc052wgvxfgub1.webp
46|https://down-vn.img.susercontent.com/file/vn-11134207-7ra0g-m681z2bcalhz8e.webp
46|https://down-vn.img.susercontent.com/file/vn-11134207-7ras8-mc052wgw089hed.webp
47|https://down-vn.img.susercontent.com/file/vn-11134201-7ra0g-macuknziyx9435.webp
47|https://down-vn.img.susercontent.com/file/vn-11134201-7ra0g-macuko8elvnwbe.webp
47|https://down-vn.img.susercontent.com/file/vn-11134201-7ra0g-macukoorzdnc17.webp
47|https://down-vn.img.susercontent.com/file/vn-11134201-7ra0g-macukp5p95fl09.webp
48|https://down-vn.img.susercontent.com/file/vn-11134207-7ras8-mazidgegyqa40e.webp
48|https://down-vn.img.susercontent.com/file/vn-11134207-7ra0g-m8d8w3sc1vuv28.webp
48|https://down-vn.img.susercontent.com/file/vn-11134207-7ras8-mazix8en15flc5.webp
48|https://down-vn.img.susercontent.com/file/vn-11134207-7ras8-mb91hqztu5kxb5.webp
49|https://down-vn.img.susercontent.com/file/vn-11134207-7ra0g-m9racrbdv32c51.webp
49|https://down-vn.img.susercontent.com/file/vn-11134207-7ra0g-m9racrbdv32c51.webp
49|https://down-vn.img.susercontent.com/file/vn-11134207-7ra0g-m9radnt6cn5w6c.webp
49|https://down-vn.img.susercontent.com/file/vn-11134207-7ra0g-m9rad3w7gfwi3d.webp
50|https://down-vn.img.susercontent.com/file/vn-11134207-7r98o-lyxtnnnfx7wt91.webp
50|https://down-vn.img.susercontent.com/file/vn-11134207-7r98o-lyxtnnngcof55e.webp
50|https://down-vn.img.susercontent.com/file/vn-11134207-7r98o-lyxtnno9w0254b.webp
50|https://down-vn.img.susercontent.com/file/vn-11134207-7r98o-lyxtnnoabgkh4c.webp
51|https://down-vn.img.susercontent.com/file/vn-11134207-7ras8-m2f2k8gs7xdgee.webp
51|https://down-vn.img.susercontent.com/file/vn-11134207-7ras8-m2f2k8gs0wj6d7.webp
51|https://down-vn.img.susercontent.com/file/vn-11134207-7ras8-m2f2k8gs9bxw9d.webp
51|https://down-vn.img.susercontent.com/file/vn-11134207-7ras8-m2f2k8gs2b3m02.webp
52|https://down-vn.img.susercontent.com/file/vn-11134207-7r98o-lrs6w37ntb5w53.webp
52|https://down-vn.img.susercontent.com/file/vn-11134207-7r98o-lrs6w37nw4asd7.webp
52|https://down-vn.img.susercontent.com/file/vn-11134207-7r98o-lrs6w37nkvq131.webp
52|https://down-vn.img.susercontent.com/file/vn-11134207-7r98o-lrs6w37nmaah4d.webp
53|https://down-vn.img.susercontent.com/file/vn-11134207-7qukw-lk3pzcdfcaes5c.webp
53|https://down-vn.img.susercontent.com/file/vn-11134207-7qukw-ljwli71d8sdw65.webp
53|https://down-vn.img.susercontent.com/file/vn-11134207-7r98o-lkwa17huzwm560.webp
53|https://down-vn.img.susercontent.com/file/vn-11134207-7qukw-ljwli71d5z908e.webp
54|https://down-vn.img.susercontent.com/file/vn-11134207-7ra0g-m91dqbt1ymiqa1.webp
54|https://down-vn.img.susercontent.com/file/vn-11134207-7ra0g-m91dqbt1ymiqa1.webp
54|https://down-vn.img.susercontent.com/file/vn-11134207-7ra0g-m7vqxc7wn0zq34.webp
54|https://down-vn.img.susercontent.com/file/sg-11134201-7ra33-m4psxo1enndn60.webp
55|https://down-vn.img.susercontent.com/file/vn-11134207-7r98o-lop3w1jtvn630c.webp
55|https://down-vn.img.susercontent.com/file/vn-11134207-7r98o-lop3w1jtombva9.webp
55|https://down-vn.img.susercontent.com/file/vn-11134207-7r98o-lop3w1jtsu17a7.webp
55|https://down-vn.img.susercontent.com/file/vn-11134207-7r98o-lop3w1jtzuvfd6.webp
56|https://down-vn.img.susercontent.com/file/vn-11134201-7ras8-mbx7mcnofcru6a.webp
56|https://down-vn.img.susercontent.com/file/vn-11134201-7ras8-mbx7mcnofcru6a.webp
56|https://down-vn.img.susercontent.com/file/vn-11134201-7ras8-mbx7mcnofcru6a.webp
57|https://down-vn.img.susercontent.com/file/vn-11134207-7ras8-mav2xxcesdjgc7.webp
57|https://down-vn.img.susercontent.com/file/vn-11134207-7ra0g-m99q9lwwi0lj55.webp
57|https://down-vn.img.susercontent.com/file/vn-11134207-7ras8-mav2y9d96yf528.webp
57|https://down-vn.img.susercontent.com/file/vn-11134207-7ras8-m4090whi5ca804.webp
58|https://down-vn.img.susercontent.com/file/vn-11134207-7r98o-lslb5cjyycasfc.webp
58|https://down-vn.img.susercontent.com/file/vn-11134207-7r98o-lsjpuc59tcbd2c.webp
58|https://down-vn.img.susercontent.com/file/vn-11134207-7r98o-lsjpuc59uqvtfd.webp
58|https://down-vn.img.susercontent.com/file/vn-11134207-7r98o-lsjpuc59rxqx72.webp
59|https://down-vn.img.susercontent.com/file/sg-11134201-7rd4g-lwp5rfo8b3wge0.webp
59|https://down-vn.img.susercontent.com/file/cn-11134207-7r98o-ln5hrobmxjfh3a.webp
59|https://down-vn.img.susercontent.com/file/cn-11134207-7r98o-ln5hrodkup3x00.webp
59|https://down-vn.img.susercontent.com/file/cn-11134207-7r98o-ln5hrodla5ctac.webp
60|https://down-vn.img.susercontent.com/file/e05f0aaadf5c51cfad321f4117e0bc30.webp
60|https://down-vn.img.susercontent.com/file/f533615d6cfb8a96c3ed837460dc4444.webp
60|https://down-vn.img.susercontent.com/file/8b575450f99324df86425b1bf0f98bce.webp
60|https://down-vn.img.susercontent.com/file/dacc1c8806eac77b6ed6c875e5d75198.webp
61|https://down-vn.img.susercontent.com/file/sg-11134201-7rfh1-m9l0fhgq28eubd.webp
61|https://down-vn.img.susercontent.com/file/sg-11134201-7rfgi-m9l030raouxdaf.webp
61|https://down-vn.img.susercontent.com/file/sg-11134201-7rfhg-m9l0314w4xlhe0.webp
61|https://down-vn.img.susercontent.com/file/sg-11134201-7rfhf-m9l032qlsgt2a5.webp
62|https://down-vn.img.susercontent.com/file/vn-11134207-7ra0g-m9jn48h74kg263.webp
62|https://down-vn.img.susercontent.com/file/bf154ae12e9f60c4c2c0a6df567d12a5.webp
62|https://down-vn.img.susercontent.com/file/65ce07f3119e756d15beaa1c7263b4fb.webp
62|https://down-vn.img.susercontent.com/file/b044a4bf45747b7af7e32755e2a9739f.webp
63|https://down-vn.img.susercontent.com/file/vn-11134207-7ra0g-m9nwjib01j4qe4.webp
63|https://down-vn.img.susercontent.com/file/vn-11134207-7ra0g-m9nwaenpldaa2e.webp
63|https://down-vn.img.susercontent.com/file/vn-11134207-7ra0g-m9nwaenzi5ac19.webp
63|https://down-vn.img.susercontent.com/file/vn-11134207-7ra0g-m9nwaeqre344ee.webp
64|https://down-vn.img.susercontent.com/file/vn-11134207-7ras8-m3dcjaojsish59.webp
64|https://down-vn.img.susercontent.com/file/vn-11134207-7ras8-m58gyu7im8fq12.webp
64|https://down-vn.img.susercontent.com/file/vn-11134207-7ras8-m58gydlkynh37a.webp
65|https://down-vn.img.susercontent.com/file/sg-11134201-23020-ypyrfhv19cnv6d.webp
65|https://down-vn.img.susercontent.com/file/sg-11134201-23020-7iuyo20b0cnvb4.webp
65|https://down-vn.img.susercontent.com/file/sg-11134201-23020-34j66n0d0cnvec.webp
65|https://down-vn.img.susercontent.com/file/sg-11134201-23020-fzg810ke0cnva2.webp
66|https://down-vn.img.susercontent.com/file/vn-11134207-7r98o-lktafoh73gorbb.webp
66|https://down-vn.img.susercontent.com/file/873a833d98035fa109d817533951204a.webp
66|https://down-vn.img.susercontent.com/file/250028efa94771217e8a7d00569e6ca2.webp
66|https://down-vn.img.susercontent.com/file/ec1fbbfe042d80417e4d397d20deb495.webp
67|https://down-vn.img.susercontent.com/file/vn-11134207-7ra0g-m6lwerzfz23c92.webp
67|https://down-vn.img.susercontent.com/file/vn-11134207-7ra0g-m6es79aw4fo8dc.webp
67|https://down-vn.img.susercontent.com/file/vn-11134207-7r98o-lkvskjs605vvde.webp
67|https://down-vn.img.susercontent.com/file/vn-11134207-7ra0g-m6es8255vn882e.webp
68|https://down-vn.img.susercontent.com/file/bf51b0683ffee42fd5f1eade14109502.webp
68|https://down-vn.img.susercontent.com/file/722b45bc5372d7e4a3912fdde6b64c06.webp
68|https://down-vn.img.susercontent.com/file/75fe2e16f45a7eaa86133ebecf0e34de.webp
68|https://down-vn.img.susercontent.com/file/5a39d022f6e3bb20d6eb061483c7f4d1.webp
69|https://down-vn.img.susercontent.com/file/vn-11134207-7ra0g-m76fe94b7plzde.webp
69|https://down-vn.img.susercontent.com/file/vn-11134207-7ras8-m2199cdx8c0u0b.webp
69|https://down-vn.img.susercontent.com/file/vn-11134207-7r98o-luwfrlu3qgb65e.webp
69|https://down-vn.img.susercontent.com/file/vn-11134207-7ras8-m2199cdxns9q38.webp
70|https://down-vn.img.susercontent.com/file/vn-11134207-7ras8-m3dax5tkfwrsbb.webp
70|https://down-vn.img.susercontent.com/file/vn-11134207-7ras8-m5b3vxr09q838b.webp
70|https://down-vn.img.susercontent.com/file/dd8ccca9b67e2a5a951de8c1ff5fc7c8.webp
70|https://down-vn.img.susercontent.com/file/vn-11134207-7ras8-m4ehtma3crgn4d.webp
71|https://down-vn.img.susercontent.com/file/vn-11134207-7r98o-lkq5gyubujp735.webp
71|https://down-vn.img.susercontent.com/file/vn-11134207-7r98o-lkq5gyubxcu390.webp
71|https://down-vn.img.susercontent.com/file/vn-11134207-7r98o-lkq5gyuc05yzad.webp
71|https://down-vn.img.susercontent.com/file/vn-11134207-7r98o-lkq5ibbv0e681c.webp
72|https://down-vn.img.susercontent.com/file/vn-11134201-7r98o-lze8cc1ftrc1b6.webp
72|https://down-vn.img.susercontent.com/file/vn-11134207-7ras8-m0iapfeup9f1b3.webp
72|https://down-vn.img.susercontent.com/file/vn-11134201-7r98o-lze8cc4rovxdb3.webp
72|https://down-vn.img.susercontent.com/file/vn-11134207-7r98o-lziw6q0cwrwta6.webp
73|https://down-vn.img.susercontent.com/file/vn-11134207-7r98o-ls3s0qfa22s944.webp
73|https://down-vn.img.susercontent.com/file/vn-11134207-7r98o-ls3s0qfa4vx5a7.webp
73|https://down-vn.img.susercontent.com/file/7a751945f26790755fba15a73abca118.webp
73|https://down-vn.img.susercontent.com/file/a1d92e0a5294afe1f9dcd987c9dc83ca.webp
74|https://down-vn.img.susercontent.com/file/vn-11134207-7r98o-lozb4jiu7mfi52.webp
74|https://down-vn.img.susercontent.com/file/vn-11134207-7r98o-lozb4jiu3eq6e4.webp
74|https://down-vn.img.susercontent.com/file/vn-11134207-7r98o-lozb4jiu4tam59.webp
74|https://down-vn.img.susercontent.com/file/vn-11134207-7r98o-lozb4jiu67v225.webp
75|https://down-vn.img.susercontent.com/file/323fd6b3a494607c6aed52d22edfc8d4.webp
75|https://down-vn.img.susercontent.com/file/285dcd78f868ba2182b0f078e40c56b5.webp
75|https://down-vn.img.susercontent.com/file/636945be2725e0940566dba29c7d1d1b.webp
75|https://down-vn.img.susercontent.com/file/c2e913f373df7fb9141489fd1cd1b97b.webp
76|https://down-vn.img.susercontent.com/file/vn-11134207-7ra0g-ma3rre5gv2myff.webp
76|https://down-vn.img.susercontent.com/file/vn-11134207-7ra0g-ma3rre56vhbi15.webp
76|https://down-vn.img.susercontent.com/file/vn-11134207-7ra0g-ma3rre56vh96c0.webp
76|https://down-vn.img.susercontent.com/file/vn-11134207-7ra0g-ma3rre56wvvybf.webp
77|https://down-vn.img.susercontent.com/file/vn-11134207-7ras8-m0e59142uqhbd3.webp
77|https://down-vn.img.susercontent.com/file/vn-11134207-7ras8-m0e598hw1r4f1b.webp
77|https://down-vn.img.susercontent.com/file/vn-11134207-7ras8-m0e59ajp1qlp3f.webp
77|https://down-vn.img.susercontent.com/file/vn-11134207-7ras8-m0e59g5evyq73f.webp
78|https://down-vn.img.susercontent.com/file/vn-11134207-7ra0g-m8nak37dxy0e98.webp
78|https://down-vn.img.susercontent.com/file/vn-11134207-7r98o-lx0ylf8ismhl08.webp
78|https://down-vn.img.susercontent.com/file/vn-11134207-7r98o-lx0ylf8hxpzt7d.webp
78|https://down-vn.img.susercontent.com/file/vn-11134207-7r98o-lx0ylfb9v2e19b.webp
79|https://down-vn.img.susercontent.com/file/71609d8a493829f9a8e28de780e7a4b4.webp
79|https://down-vn.img.susercontent.com/file/cf427e9b25e1f58ced12f348a47dbb82.webp
79|https://down-vn.img.susercontent.com/file/5f159bbdd378e4f3f4a4caac32c461f2.webp
79|https://down-vn.img.susercontent.com/file/fc60f706b1ddd05cd501c2dedcc275b2.webp
80|https://down-vn.img.susercontent.com/file/vn-11134207-7ra0g-m9nxmkg6bm9u44.webp
80|https://down-vn.img.susercontent.com/file/vn-11134207-7ra0g-m9nxmm1m0ytg5f.webp
80|https://down-vn.img.susercontent.com/file/vn-11134207-7ra0g-m9nxmsx3xdms31.webp
80|https://down-vn.img.susercontent.com/file/vn-11134207-7ra0g-m9nxmt05sx36c7.webp
81|https://down-vn.img.susercontent.com/file/f6d6341a2ef53ae5248c3f49ed16b8a4.webp
81|https://down-vn.img.susercontent.com/file/ef9933d6f81b5d372ef118e51d63f039.webp
81|https://down-vn.img.susercontent.com/file/006567bf9762ca67dbed0ac9bf4b53e4.webp
81|https://down-vn.img.susercontent.com/file/2ae327a24352d04d64e42715b1929683.webp
82|https://down-vn.img.susercontent.com/file/sg-11134201-7ra0u-m59ngimenuy37e.webp
82|https://down-vn.img.susercontent.com/file/cn-11134207-7ras8-m59nbxvlqwip2c.webp
82|https://down-vn.img.susercontent.com/file/cn-11134207-7ras8-m59nbtasg3wba5.webp
82|https://down-vn.img.susercontent.com/file/sg-11134201-7ra1m-m59ngilapil496.webp
83|https://down-vn.img.susercontent.com/file/vn-11134207-7ras8-mbdnh97odk2gec.webp
83|https://down-vn.img.susercontent.com/file/vn-11134207-7r98o-m04m80l778j11e.webp
83|https://down-vn.img.susercontent.com/file/vn-11134207-7ra0g-m786s2hdgmt285.webp
83|https://down-vn.img.susercontent.com/file/vn-11134207-7ras8-m3ktvugvnelx36.webp
84|https://down-vn.img.susercontent.com/file/sg-11134201-7rbkn-logfl3hyh9h90d.webp
84|https://down-vn.img.susercontent.com/file/sg-11134201-7rbnl-logfl3yvsi1sd3.webp
84|https://down-vn.img.susercontent.com/file/sg-11134201-7rblk-logfl4mqtkq279.webp
84|https://down-vn.img.susercontent.com/file/sg-11134201-7rbml-logfl4z8bbi462.webp
85|https://down-vn.img.susercontent.com/file/sg-11134201-7rdwk-lzzznvjvq78o5c.webp
85|https://down-vn.img.susercontent.com/file/sg-11134201-7rdwi-lzzznnv8xly2cd.webp
85|https://down-vn.img.susercontent.com/file/sg-11134201-7rdwn-lzzzns8kjed00e.webp
85|https://down-vn.img.susercontent.com/file/sg-11134201-7rdvt-lzzznrapwxew54.webp
86|https://down-vn.img.susercontent.com/file/vn-11134207-7r98o-lyjp3966nzq977.webp
86|https://down-vn.img.susercontent.com/file/vn-11134207-7r98o-lyjp3966l6ld9e.webp
86|https://down-vn.img.susercontent.com/file/vn-11134207-7r98o-lyjp3966ml5t75.webp
86|https://down-vn.img.susercontent.com/file/vn-11134207-7ras8-m3zenze2w2yvfb.webp
87|https://down-vn.img.susercontent.com/file/sg-11134201-7rast-macbugnz5bl6a0.webp
87|https://down-vn.img.susercontent.com/file/sg-11134201-7rasd-macbuh8s9haw45.webp
87|https://down-vn.img.susercontent.com/file/sg-11134201-7rasz-macbui3uzy090b.webp
87|https://down-vn.img.susercontent.com/file/sg-11134201-7rau6-macbuj6ffi4u92.webp
88|https://down-vn.img.susercontent.com/file/vn-11134207-7ras8-mbmgglypikpsec.webp
88|https://down-vn.img.susercontent.com/file/vn-11134207-7r98o-m07npb43gbyn81.webp
88|https://down-vn.img.susercontent.com/file/vn-11134207-7r98o-lq7mez2v262f79.webp
88|https://down-vn.img.susercontent.com/file/vn-11134207-7r98o-lq7mez2uwjsn2c.webp
89|https://down-vn.img.susercontent.com/file/sg-11134201-7rffs-m9k2e8qrvh5u1b.webp
89|https://down-vn.img.susercontent.com/file/sg-11134201-7rfho-m9k2e8z3htzq0d.webp
89|https://down-vn.img.susercontent.com/file/sg-11134201-7rfgy-m9k2e9617odod4.webp
89|https://down-vn.img.susercontent.com/file/sg-11134201-7rfi2-m9k2e9m4mzddea.webp
90|https://down-vn.img.susercontent.com/file/cn-11134207-7r98o-ls0yb1f0opf134.webp
90|https://down-vn.img.susercontent.com/file/cn-11134207-7r98o-ls0yb1f145nxfc.webp
90|https://down-vn.img.susercontent.com/file/cn-11134207-7r98o-ls0yb1f0yjfh88.webp
90|https://down-vn.img.susercontent.com/file/cn-11134207-7r98o-ls0yb1eq41il04.webp
91|https://down-vn.img.susercontent.com/file/vn-11134207-7ra0g-m9xzslkng1lme6.webp
91|https://down-vn.img.susercontent.com/file/vn-11134207-7ra0g-m9xzswt701lm62.webp
91|https://down-vn.img.susercontent.com/file/vn-11134207-7ra0g-m9xzswt71g62a6.webp
91|https://down-vn.img.susercontent.com/file/vn-11134207-7ra0g-m9xzswt72usua0.webp
92|https://down-vn.img.susercontent.com/file/sg-11134201-7ra3g-mbgrtcih13rq4f.webp
92|https://down-vn.img.susercontent.com/file/sg-11134201-7rfgp-m3gn976zkctj17.webp
92|https://down-vn.img.susercontent.com/file/sg-11134201-7rd4x-m6t9zlvjtqeqb9.webp
93|https://down-vn.img.susercontent.com/file/vn-11134207-7ra0g-m7lpdka52soh80.webp
93|https://down-vn.img.susercontent.com/file/vn-11134207-7ra0g-m7lpd2cre16r56.webp
93|https://down-vn.img.susercontent.com/file/vn-11134207-7ra0g-m7lpd55h7uepf6.webp
93|https://down-vn.img.susercontent.com/file/vn-11134207-7ra0g-m7lpcsxp3esx78.webp
94|https://down-vn.img.susercontent.com/file/vn-11134207-7ra0g-m8pit3n61jd0ff.webp
94|https://down-vn.img.susercontent.com/file/vn-11134207-7ra0g-m7t2i3yasg1f84.webp
94|https://down-vn.img.susercontent.com/file/vn-11134207-7ra0g-m8pitc6ll1z8b6.webp
94|https://down-vn.img.susercontent.com/file/vn-11134207-7ra0g-m8pitc4doax09f.webp
95|https://down-vn.img.susercontent.com/file/vn-11134207-7ras8-m52v1r1e3p0714.webp
95|https://down-vn.img.susercontent.com/file/vn-11134201-23030-6346mazv0uov97.webp
95|https://down-vn.img.susercontent.com/file/vn-11134207-7ras8-mb1vtq8xtuipff.webp
96|https://down-vn.img.susercontent.com/file/vn-11134207-7ra0g-m93e3khlkzuq83.webp
96|https://down-vn.img.susercontent.com/file/vn-11134207-7ra0g-m93e3khvkkzob5.webp
96|https://down-vn.img.susercontent.com/file/vn-11134207-7ra0g-m93e3khvlzk47d.webp
96|https://down-vn.img.susercontent.com/file/vn-11134207-7ra0g-m93ec1x8m79g82.webp
97|https://down-vn.img.susercontent.com/file/vn-11134207-7r98o-lma1n7lsjbof52.webp
97|https://down-vn.img.susercontent.com/file/vn-11134207-7r98o-lma1n7lsf3z39b.webp
97|https://down-vn.img.susercontent.com/file/vn-11134207-7r98o-lma1n7lsgijj56.webp
97|https://down-vn.img.susercontent.com/file/vn-11134207-7r98o-lma1n7lshx3z89.webp
98|https://down-vn.img.susercontent.com/file/vn-11134207-7ras8-m626em07hvsmfa.webp
98|https://down-vn.img.susercontent.com/file/vn-11134207-7ras8-m626elz3ji9ie3.webp
98|https://down-vn.img.susercontent.com/file/vn-11134207-7ras8-m626em07gh8660.webp
98|https://down-vn.img.susercontent.com/file/vn-11134207-7ras8-m626mrb48spj2b.webp
99|https://down-vn.img.susercontent.com/file/vn-11134207-7ras8-m3yowktm3aswae.webp
99|https://down-vn.img.susercontent.com/file/vn-11134207-7ras8-m3yowkbau3jk27.webp
99|https://down-vn.img.susercontent.com/file/vn-11134207-7ras8-m3yowjig0bqoda.webp
99|https://down-vn.img.susercontent.com/file/vn-11134207-7ras8-m3yowjj9z3w0a0.webp
100|https://down-vn.img.susercontent.com/file/vn-11134207-7ra0g-m7runjtjsuur45.webp
100|https://down-vn.img.susercontent.com/file/vn-11134207-7ra0g-m7rumut6efnq95.webp
100|https://down-vn.img.susercontent.com/file/vn-11134207-7ra0g-m7s7kk9q7x9v49.webp
100|https://down-vn.img.susercontent.com/file/vn-11134207-7ra0g-m7run2p0v2gjb7.webp
101|https://down-vn.img.susercontent.com/file/vn-11134201-23020-p18w3fs6emnvab.webp
101|https://down-vn.img.susercontent.com/file/vn-11134207-7ra0g-m7hitzdjhazc72.webp
101|https://down-vn.img.susercontent.com/file/vn-11134201-23020-hyg1uds6emnv30.webp
102|https://down-vn.img.susercontent.com/file/vn-11134207-7r98o-lpthirdlpoeq67.webp
102|https://down-vn.img.susercontent.com/file/vn-11134207-7r98o-lpthirdlmvjrf5.webp
102|https://down-vn.img.susercontent.com/file/vn-11134207-7r98o-lpthirdnb9oy7a.webp
102|https://down-vn.img.susercontent.com/file/vn-11134207-7r98o-lpthirdllgzb9c.webp
103|https://down-vn.img.susercontent.com/file/vn-11134201-7r98o-ly6rvi23p8kha9.webp
103|https://down-vn.img.susercontent.com/file/vn-11134201-7r98o-ly6rvib9btxpd6.webp
103|https://down-vn.img.susercontent.com/file/vn-11134201-7r98o-ly6rvi91f2vh5b.webp
103|https://down-vn.img.susercontent.com/file/vn-11134201-7r98o-ly6rvi9le9n12f.webp
104|https://down-vn.img.susercontent.com/file/c4bce05028b1a05a9e9ef91f9b3676e6.webp
104|https://down-vn.img.susercontent.com/file/4b8144338fd8aaecc7130db652c7bdf8.webp
104|https://down-vn.img.susercontent.com/file/14c6ce046acfec8b11da8f255e07ce9b.webp
104|https://down-vn.img.susercontent.com/file/73c0daf22338d0a2ea1c93ac220b60cc.webp
105|https://down-vn.img.susercontent.com/file/vn-11134207-7r98o-lzkmvvfaiuu967.webp
105|https://down-vn.img.susercontent.com/file/vn-11134207-7ra0g-m7klvk14qh1i1f.webp
105|https://down-vn.img.susercontent.com/file/vn-11134207-7r98o-lzkmw95qfau9d1.webp
105|https://down-vn.img.susercontent.com/file/vn-11134207-7ra0g-m7klvqzyjfar30.webp
106|https://down-vn.img.susercontent.com/file/vn-11134207-7r98o-lq3ir9rhq9qq9c.webp
106|https://down-vn.img.susercontent.com/file/vn-11134207-7r98o-lq3ir9rhrob605.webp
106|https://down-vn.img.susercontent.com/file/vn-11134207-7r98o-lq3ir9rh0ziqde.webp
106|https://down-vn.img.susercontent.com/file/vn-11134207-7r98o-lq3ir9rgwrteef.webp
107|https://down-vn.img.susercontent.com/file/sg-11134201-7rbk0-lkz4capfs020cf.webp
107|https://down-vn.img.susercontent.com/file/sg-11134201-7rbk0-lkz4cb8uzki547.webp
107|https://down-vn.img.susercontent.com/file/vn-11134207-7r98o-lpbxscr6v5nfe8.webp
107|https://down-vn.img.susercontent.com/file/vn-11134207-7r98o-lpbxscr6wk7ve0.webp
108|https://down-vn.img.susercontent.com/file/vn-11134207-7r98o-lnbb2hbt5ujx0f.webp
108|https://down-vn.img.susercontent.com/file/vn-11134207-7r98o-lnbb2hbt4fzh31.webp
108|https://down-vn.img.susercontent.com/file/vn-11134207-7r98o-lnbb2hbtbgtp12.webp
108|https://down-vn.img.susercontent.com/file/vn-11134207-7r98o-lnbb2hbt794dd4.webp
109|https://down-vn.img.susercontent.com/file/vn-11134207-7ras8-m4u6cd3zpnhy9f.webp
109|https://down-vn.img.susercontent.com/file/vn-11134207-7ras8-m56ip72gclyu4c.webp
109|https://down-vn.img.susercontent.com/file/vn-11134207-7ras8-m56ipue27yaf2a.webp
109|https://down-vn.img.susercontent.com/file/vn-11134207-7ras8-m56ipue29cmucd.webp
110|https://down-vn.img.susercontent.com/file/vn-11134207-7ras8-mbd8ovjz1al436.webp
110|https://down-vn.img.susercontent.com/file/vn-11134207-7ras8-mbd8mtkvafa0b5.webp
110|https://down-vn.img.susercontent.com/file/vn-11134207-7ras8-mbd8mtkvaf2v1e.webp
110|https://down-vn.img.susercontent.com/file/vn-11134207-7ras8-mbd8mtkvbtug1f.webp
111|https://down-vn.img.susercontent.com/file/vn-11134207-7ra0g-m75xly5dinhjdc.webp
111|https://down-vn.img.susercontent.com/file/vn-11134207-7ra0g-m75xly5dk21z4b.webp
111|https://down-vn.img.susercontent.com/file/vn-11134207-7ra0g-m75xly5dlh9d61.webp
111|https://down-vn.img.susercontent.com/file/vn-11134207-7ra0g-m75xly5dlgmf10.webp
112|https://down-vn.img.susercontent.com/file/vn-11134207-7ras8-m4yeag8omvqua0.webp
112|https://down-vn.img.susercontent.com/file/vn-11134207-7ras8-m4yeag8ok2ly8a.webp
112|https://down-vn.img.susercontent.com/file/vn-11134207-7ras8-m4yeag8ok2tzf0.webp
112|https://down-vn.img.susercontent.com/file/vn-11134207-7ras8-m4yeag8omvyv9b.webp
113|https://down-vn.img.susercontent.com/file/vn-11134207-7ra0g-m8fr0mvtc1hefa.webp
113|https://down-vn.img.susercontent.com/file/vn-11134207-7ra0g-m8fr0mvswkzofa.webp
113|https://down-vn.img.susercontent.com/file/vn-11134207-7ra0g-m8fqh7callj8f2.webp
113|https://down-vn.img.susercontent.com/file/vn-11134207-7ra0g-m8fr0mvtamwye5.webp
114|https://down-vn.img.susercontent.com/file/vn-11134211-7r98o-lvswwa1t3is917.webp
114|https://down-vn.img.susercontent.com/file/vn-11134207-7r98o-lvd2g4hx9zz818.webp
114|https://down-vn.img.susercontent.com/file/vn-11134207-7r98o-lxuljsrebt951d.webp
114|https://down-vn.img.susercontent.com/file/vn-11134207-7r98o-lyblxztejxal25.webp
115|https://down-vn.img.susercontent.com/file/sg-11134275-7ra3w-mbc7fw0ygooz9c.webp
115|https://down-vn.img.susercontent.com/file/sg-11134275-7ra2f-mbc7frygc9k235.webp
115|https://down-vn.img.susercontent.com/file/sg-11134275-7ra3d-mbc7frygf2mb4a.webp
115|https://down-vn.img.susercontent.com/file/sg-11134275-7ra3x-mbc7frxcdvtcb0.webp
116|https://down-vn.img.susercontent.com/file/vn-11134207-7ra0g-m7ls14ws666ee3.webp
116|https://down-vn.img.susercontent.com/file/vn-11134207-7ra0g-m7ls14ws4rlyd3.webp
116|https://down-vn.img.susercontent.com/file/vn-11134207-7ra0g-m7ls14ws4rw38c.webp
117|https://down-vn.img.susercontent.com/file/vn-11134207-7r98o-lx9jui3x57ffd3.webp
117|https://down-vn.img.susercontent.com/file/vn-11134207-7r98o-lx9jui3x6lzv13.webp
117|https://down-vn.img.susercontent.com/file/vn-11134207-7r98o-lx9jui3x80kbb9.webp
117|https://down-vn.img.susercontent.com/file/vn-11134207-7r98o-lx9jui3x9f4r0a.webp
118|https://down-vn.img.susercontent.com/file/vn-11134207-7r98o-lxfdv0j8uz8b08.webp
118|https://down-vn.img.susercontent.com/file/vn-11134207-7ra0g-m9rjlcve0hnyb2.webp
118|https://down-vn.img.susercontent.com/file/vn-11134207-7ra0g-m9rjliolic8eee.webp
118|https://down-vn.img.susercontent.com/file/vn-11134207-7ra0g-m9rjlg15e0kud8.webp
119|https://down-vn.img.susercontent.com/file/vn-11134207-7ra0g-m9qywaetfpf242.webp
119|https://down-vn.img.susercontent.com/file/vn-11134207-7ra0g-m7gdeumgrd4j19.webp
119|https://down-vn.img.susercontent.com/file/vn-11134207-7ra0g-m974wa1uuqge90.webp
119|https://down-vn.img.susercontent.com/file/vn-11134207-7ra0g-m974ugjyp85j7e.webp
120|https://down-vn.img.susercontent.com/file/vn-11134207-7r98o-lt2ofoirk0494b.webp
120|https://down-vn.img.susercontent.com/file/vn-11134207-7r98o-lt2oi19rhtw943.webp
120|https://down-vn.img.susercontent.com/file/vn-11134207-7r98o-lt2oi1algm1l7c.webp
120|https://down-vn.img.susercontent.com/file/vn-11134207-7r98o-lt2oi1bffe848d.webp
121|https://down-vn.img.susercontent.com/file/vn-11134207-7ras8-mb7v8muoobsj37.webp
121|https://down-vn.img.susercontent.com/file/sg-11134301-7rat0-manpfwysgnw33f.webp
121|https://down-vn.img.susercontent.com/file/sg-11134301-7rash-manpfzgysqye1e.webp
121|https://down-vn.img.susercontent.com/file/sg-11134301-7rase-manpg2lm7wb540.webp
122|https://down-vn.img.susercontent.com/file/1db6958156b0ba5d79af1d84c654e95b.webp
122|https://down-vn.img.susercontent.com/file/c0a7c417ff1197c7a5cdc2f6ed145ac9.webp
122|https://down-vn.img.susercontent.com/file/ea9d9fbbd2a0279c13f451077bc8593c.webp
122|https://down-vn.img.susercontent.com/file/4a5f7ca6e508f519964eb8da18883068.webp
123|https://down-vn.img.susercontent.com/file/vn-11134207-7r98o-ls0ygd7pffes72.webp
123|https://down-vn.img.susercontent.com/file/vn-11134207-7r98o-ls0ygd7pgtz831.webp
123|https://down-vn.img.susercontent.com/file/vn-11134207-7r98o-ls0yhim8x0hwb0.webp
123|https://down-vn.img.susercontent.com/file/vn-11134207-7r98o-ls0yhim8yf2c5c.webp
124|https://down-vn.img.susercontent.com/file/vn-11134207-7ras8-m23fbe797d9abc.webp
124|https://down-vn.img.susercontent.com/file/vn-11134207-7qukw-lfajiyuopdhm97.webp
124|https://down-vn.img.susercontent.com/file/vn-11134207-7qukw-lfajiyuouzre7c.webp
124|https://down-vn.img.susercontent.com/file/vn-11134207-7ras8-m23fbe797d7fcd.webp
125|https://down-vn.img.susercontent.com/file/vn-11134207-7ra0g-m9732bw956pw12.webp
125|https://down-vn.img.susercontent.com/file/vn-11134207-7r98o-ltxa4kzwcxl648.webp
125|https://down-vn.img.susercontent.com/file/vn-11134207-7r98o-ltxdg2uf8ra704.webp
125|https://down-vn.img.susercontent.com/file/vn-11134207-7ra0g-m66bv3iem3x320.webp
